path	parent	name	id	synapseStore	contentType	used	executed	activityName	activityDescription
w:\projects\wearable_project\code\dummy_ldopa_data\dummygeneactivedata_day1.txt	syn20681025	dummyGeneActiveData_Day1.txt	syn20681026	True	text/plain	syn18134137.2		Copied file	
w:\projects\wearable_project\code\dummy_ldopa_data\dummypebbledata_day1.txt	syn20681025	dummyPebbleData_Day1.txt	syn20681027	True	text/plain	syn18134175.1		Copied file	
w:\projects\wearable_project\code\dummy_ldopa_data\dummyphonedata_day1.txt	syn20681025	dummyPhoneData_Day1.txt	syn20681028	True	text/plain	syn18134173.1		Copied file	
w:\projects\wearable_project\code\dummy_ldopa_data\dummyshimmerdata_day1.txt	syn20681025	dummyShimmerData_Day1.txt	syn20681029	True	text/plain	syn18134169.1		Copied file	
./LDOPA_DATA\GENEActiv\patient10		rawData_Day1.txt	syn20681039	True					
./LDOPA_DATA\GENEActiv\patient10		rawData_Day2.txt	syn20681040	True					
./LDOPA_DATA\GENEActiv\patient10		rawData_Day3.txt	syn20681041	True					
./LDOPA_DATA\GENEActiv\patient10		rawData_Day4.txt	syn20681042	True					
./LDOPA_DATA\GENEActiv\patient10_NY		rawData_Day1.txt	syn20681044	True					
./LDOPA_DATA\GENEActiv\patient10_NY		rawData_Day2.txt	syn20681045	True					
./LDOPA_DATA\GENEActiv\patient10_NY		rawData_Day3.txt	syn20681046	True					
./LDOPA_DATA\GENEActiv\patient10_NY		rawData_Day4.txt	syn20681047	True					
./LDOPA_DATA\GENEActiv\patient11		rawData_Day1.txt	syn20681049	True					
./LDOPA_DATA\GENEActiv\patient11		rawData_Day2.txt	syn20681050	True					
./LDOPA_DATA\GENEActiv\patient11		rawData_Day3.txt	syn20681051	True					
./LDOPA_DATA\GENEActiv\patient11		rawData_Day4.txt	syn20681052	True					
./LDOPA_DATA\GENEActiv\patient11_NY		rawData_Day1.txt	syn20681054	True					
./LDOPA_DATA\GENEActiv\patient11_NY		rawData_Day2.txt	syn20681055	True					
./LDOPA_DATA\GENEActiv\patient11_NY		rawData_Day3.txt	syn20681056	True					
./LDOPA_DATA\GENEActiv\patient11_NY		rawData_Day4.txt	syn20681057	True					
./LDOPA_DATA\GENEActiv\patient12		rawData_Day1.txt	syn20681059	True					
./LDOPA_DATA\GENEActiv\patient12		rawData_Day2.txt	syn20681060	True					
./LDOPA_DATA\GENEActiv\patient12		rawData_Day3.txt	syn20681061	True					
./LDOPA_DATA\GENEActiv\patient12		rawData_Day4.txt	syn20681062	True					
./LDOPA_DATA\GENEActiv\patient12_NY		rawData_Day1.txt	syn20681064	True					
./LDOPA_DATA\GENEActiv\patient12_NY		rawData_Day2.txt	syn20681065	True					
./LDOPA_DATA\GENEActiv\patient12_NY		rawData_Day3.txt	syn20681066	True					
./LDOPA_DATA\GENEActiv\patient12_NY		rawData_Day4.txt	syn20681067	True					
./LDOPA_DATA\GENEActiv\patient13		rawData_Day1.txt	syn20681069	True					
./LDOPA_DATA\GENEActiv\patient13		rawData_Day2.txt	syn20681070	True					
./LDOPA_DATA\GENEActiv\patient13		rawData_Day3.txt	syn20681071	True					
./LDOPA_DATA\GENEActiv\patient13		rawData_Day4.txt	syn20681072	True					
./LDOPA_DATA\GENEActiv\patient14		rawData_Day1.txt	syn20681074	True					
./LDOPA_DATA\GENEActiv\patient14		rawData_Day2.txt	syn20681075	True					
./LDOPA_DATA\GENEActiv\patient14		rawData_Day3.txt	syn20681076	True					
./LDOPA_DATA\GENEActiv\patient14		rawData_Day4.txt	syn20681077	True					
./LDOPA_DATA\GENEActiv\patient15		rawData_Day1.txt	syn20681079	True					
./LDOPA_DATA\GENEActiv\patient15		rawData_Day2.txt	syn20681080	True					
./LDOPA_DATA\GENEActiv\patient15		rawData_Day3.txt	syn20681081	True					
./LDOPA_DATA\GENEActiv\patient15		rawData_Day4.txt	syn20681082	True					
./LDOPA_DATA\GENEActiv\patient16		rawData_Day1.txt	syn20681084	True					
./LDOPA_DATA\GENEActiv\patient16		rawData_Day2.txt	syn20681085	True					
./LDOPA_DATA\GENEActiv\patient16		rawData_Day3.txt	syn20681086	True					
./LDOPA_DATA\GENEActiv\patient16		rawData_Day4.txt	syn20681087	True					
./LDOPA_DATA\GENEActiv\patient17		rawData_Day1.txt	syn20681089	True					
./LDOPA_DATA\GENEActiv\patient17		rawData_Day2.txt	syn20681090	True					
./LDOPA_DATA\GENEActiv\patient17		rawData_Day3.txt	syn20681091	True					
./LDOPA_DATA\GENEActiv\patient17		rawData_Day4.txt	syn20681092	True					
./LDOPA_DATA\GENEActiv\patient18		rawData_Day1.txt	syn20681094	True					
./LDOPA_DATA\GENEActiv\patient18		rawData_Day2.txt	syn20681095	True					
./LDOPA_DATA\GENEActiv\patient18		rawData_Day3.txt	syn20681096	True					
./LDOPA_DATA\GENEActiv\patient18		rawData_Day4.txt	syn20681097	True					
./LDOPA_DATA\GENEActiv\patient19		rawData_Day1.txt	syn20681099	True					
./LDOPA_DATA\GENEActiv\patient19		rawData_Day2.txt	syn20681100	True					
./LDOPA_DATA\GENEActiv\patient19		rawData_Day3.txt	syn20681101	True					
./LDOPA_DATA\GENEActiv\patient19		rawData_Day4.txt	syn20681102	True					
./LDOPA_DATA\GENEActiv\patient2_NY		rawData_Day1.txt	syn20681104	True					
./LDOPA_DATA\GENEActiv\patient2_NY		rawData_Day2.txt	syn20681105	True					
./LDOPA_DATA\GENEActiv\patient2_NY		rawData_Day3.txt	syn20681106	True					
./LDOPA_DATA\GENEActiv\patient2_NY		rawData_Day4.txt	syn20681107	True					
./LDOPA_DATA\GENEActiv\patient3		rawData_Day1.txt	syn20681109	True					
./LDOPA_DATA\GENEActiv\patient3		rawData_Day2.txt	syn20681110	True					
./LDOPA_DATA\GENEActiv\patient3		rawData_Day3.txt	syn20681111	True					
./LDOPA_DATA\GENEActiv\patient3		rawData_Day4.txt	syn20681112	True					
./LDOPA_DATA\GENEActiv\patient3_NY		rawData_Day1.txt	syn20681114	True					
./LDOPA_DATA\GENEActiv\patient3_NY		rawData_Day2.txt	syn20681115	True					
./LDOPA_DATA\GENEActiv\patient3_NY		rawData_Day3.txt	syn20681116	True					
./LDOPA_DATA\GENEActiv\patient3_NY		rawData_Day4.txt	syn20681117	True					
./LDOPA_DATA\GENEActiv\patient4		rawData_Day1.txt	syn20681119	True					
./LDOPA_DATA\GENEActiv\patient4		rawData_Day2.txt	syn20681120	True					
./LDOPA_DATA\GENEActiv\patient4		rawData_Day3.txt	syn20681121	True					
./LDOPA_DATA\GENEActiv\patient4		rawData_Day4.txt	syn20681122	True					
./LDOPA_DATA\GENEActiv\patient4_NY		rawData_Day1.txt	syn20681124	True					
./LDOPA_DATA\GENEActiv\patient4_NY		rawData_Day2.txt	syn20681125	True					
./LDOPA_DATA\GENEActiv\patient4_NY		rawData_Day3.txt	syn20681126	True					
./LDOPA_DATA\GENEActiv\patient4_NY		rawData_Day4.txt	syn20681127	True					
./LDOPA_DATA\GENEActiv\patient5		rawData_Day1.txt	syn20681129	True					
./LDOPA_DATA\GENEActiv\patient5		rawData_Day2.txt	syn20681130	True					
./LDOPA_DATA\GENEActiv\patient5		rawData_Day3.txt	syn20681132	True					
./LDOPA_DATA\GENEActiv\patient5		rawData_Day4.txt	syn20681133	True					
./LDOPA_DATA\GENEActiv\patient5_NY		rawData_Day1.txt	syn20681135	True					
./LDOPA_DATA\GENEActiv\patient5_NY		rawData_Day2.txt	syn20681136	True					
./LDOPA_DATA\GENEActiv\patient5_NY		rawData_Day3.txt	syn20681137	True					
./LDOPA_DATA\GENEActiv\patient5_NY		rawData_Day4.txt	syn20681138	True					
./LDOPA_DATA\GENEActiv\patient6		rawData_Day1.txt	syn20681140	True					
./LDOPA_DATA\GENEActiv\patient6		rawData_Day2.txt	syn20681141	True					
./LDOPA_DATA\GENEActiv\patient6		rawData_Day3.txt	syn20681142	True					
./LDOPA_DATA\GENEActiv\patient6		rawData_Day4.txt	syn20681143	True					
./LDOPA_DATA\GENEActiv\patient6_NY		rawData_Day1.txt	syn20681145	True					
./LDOPA_DATA\GENEActiv\patient6_NY		rawData_Day2.txt	syn20681146	True					
./LDOPA_DATA\GENEActiv\patient6_NY		rawData_Day3.txt	syn20681147	True					
./LDOPA_DATA\GENEActiv\patient6_NY		rawData_Day4.txt	syn20681148	True					
./LDOPA_DATA\GENEActiv\patient7		rawData_Day1.txt	syn20681150	True					
./LDOPA_DATA\GENEActiv\patient7		rawData_Day2.txt	syn20681151	True					
./LDOPA_DATA\GENEActiv\patient7		rawData_Day3.txt	syn20681152	True					
./LDOPA_DATA\GENEActiv\patient7		rawData_Day4.txt	syn20681153	True					
./LDOPA_DATA\GENEActiv\patient7_NY		rawData_Day1.txt	syn20681155	True					
./LDOPA_DATA\GENEActiv\patient7_NY		rawData_Day2.txt	syn20681156	True					
./LDOPA_DATA\GENEActiv\patient7_NY		rawData_Day3.txt	syn20681157	True					
./LDOPA_DATA\GENEActiv\patient7_NY		rawData_Day4.txt	syn20681158	True					
./LDOPA_DATA\GENEActiv\patient8		rawData_Day1.txt	syn20681160	True					
./LDOPA_DATA\GENEActiv\patient8		rawData_Day2.txt	syn20681161	True					
./LDOPA_DATA\GENEActiv\patient8		rawData_Day3.txt	syn20681162	True					
./LDOPA_DATA\GENEActiv\patient8		rawData_Day4.txt	syn20681163	True					
./LDOPA_DATA\GENEActiv\patient8_NY		rawData_Day1.txt	syn20681165	True					
./LDOPA_DATA\GENEActiv\patient8_NY		rawData_Day2.txt	syn20681166	True					
./LDOPA_DATA\GENEActiv\patient8_NY		rawData_Day3.txt	syn20681167	True					
./LDOPA_DATA\GENEActiv\patient8_NY		rawData_Day4.txt	syn20681168	True					
./LDOPA_DATA\GENEActiv\patient9		rawData_Day1.txt	syn20681170	True					
./LDOPA_DATA\GENEActiv\patient9		rawData_Day2.txt	syn20681171	True					
./LDOPA_DATA\GENEActiv\patient9		rawData_Day3.txt	syn20681172	True					
./LDOPA_DATA\GENEActiv\patient9		rawData_Day4.txt	syn20681174	True					
./LDOPA_DATA\GENEActiv\patient9_NY		rawData_Day1.txt	syn20681176	True					
./LDOPA_DATA\GENEActiv\patient9_NY		rawData_Day2.txt	syn20681177	True					
./LDOPA_DATA\GENEActiv\patient9_NY		rawData_Day3.txt	syn20681178	True					
./LDOPA_DATA\GENEActiv\patient9_NY		rawData_Day4.txt	syn20681179	True					
./LDOPA_DATA\Pebble\patient10		rawData_Day1.txt	syn20681182	True					
./LDOPA_DATA\Pebble\patient10		rawData_Day2.txt	syn20681183	True					
./LDOPA_DATA\Pebble\patient10		rawData_Day3.txt	syn20681184	True					
./LDOPA_DATA\Pebble\patient10		rawData_Day4.txt	syn20681185	True					
./LDOPA_DATA\Pebble\patient10_NY		rawData_Day1.txt	syn20681187	True					
./LDOPA_DATA\Pebble\patient10_NY		rawData_Day2.txt	syn20681188	True					
./LDOPA_DATA\Pebble\patient10_NY		rawData_Day3.txt	syn20681189	True					
./LDOPA_DATA\Pebble\patient10_NY		rawData_Day4.txt	syn20681190	True					
./LDOPA_DATA\Pebble\patient11		rawData_Day1.txt	syn20681192	True					
./LDOPA_DATA\Pebble\patient11		rawData_Day2.txt	syn20681193	True					
./LDOPA_DATA\Pebble\patient11		rawData_Day3.txt	syn20681194	True					
./LDOPA_DATA\Pebble\patient11		rawData_Day4.txt	syn20681195	True					
./LDOPA_DATA\Pebble\patient11_NY		rawData_Day1.txt	syn20681197	True					
./LDOPA_DATA\Pebble\patient11_NY		rawData_Day2.txt	syn20681198	True					
./LDOPA_DATA\Pebble\patient11_NY		rawData_Day3.txt	syn20681199	True					
./LDOPA_DATA\Pebble\patient11_NY		rawData_Day4.txt	syn20681200	True					
./LDOPA_DATA\Pebble\patient12		rawData_Day1.txt	syn20681202	True					
./LDOPA_DATA\Pebble\patient12		rawData_Day2.txt	syn20681203	True					
./LDOPA_DATA\Pebble\patient12		rawData_Day3.txt	syn20681204	True					
./LDOPA_DATA\Pebble\patient12		rawData_Day4.txt	syn20681205	True					
./LDOPA_DATA\Pebble\patient12_NY		rawData_Day1.txt	syn20681207	True					
./LDOPA_DATA\Pebble\patient12_NY		rawData_Day2.txt	syn20681208	True					
./LDOPA_DATA\Pebble\patient12_NY		rawData_Day3.txt	syn20681209	True					
./LDOPA_DATA\Pebble\patient12_NY		rawData_Day4.txt	syn20681210	True					
./LDOPA_DATA\Pebble\patient13		rawData_Day1.txt	syn20681212	True					
./LDOPA_DATA\Pebble\patient13		rawData_Day2.txt	syn20681213	True					
./LDOPA_DATA\Pebble\patient13		rawData_Day3.txt	syn20681214	True					
./LDOPA_DATA\Pebble\patient13		rawData_Day4.txt	syn20681215	True					
./LDOPA_DATA\Pebble\patient14		rawData_Day1.txt	syn20681217	True					
./LDOPA_DATA\Pebble\patient14		rawData_Day2.txt	syn20681218	True					
./LDOPA_DATA\Pebble\patient14		rawData_Day3.txt	syn20681219	True					
./LDOPA_DATA\Pebble\patient14		rawData_Day4.txt	syn20681220	True					
./LDOPA_DATA\Pebble\patient15		rawData_Day1.txt	syn20681222	True					
./LDOPA_DATA\Pebble\patient15		rawData_Day2.txt	syn20681223	True					
./LDOPA_DATA\Pebble\patient15		rawData_Day3.txt	syn20681224	True					
./LDOPA_DATA\Pebble\patient15		rawData_Day4.txt	syn20681225	True					
./LDOPA_DATA\Pebble\patient16		rawData_Day1.txt	syn20681227	True					
./LDOPA_DATA\Pebble\patient16		rawData_Day2.txt	syn20681228	True					
./LDOPA_DATA\Pebble\patient16		rawData_Day3.txt	syn20681229	True					
./LDOPA_DATA\Pebble\patient16		rawData_Day4.txt	syn20681230	True					
./LDOPA_DATA\Pebble\patient17		rawData_Day1.txt	syn20681233	True					
./LDOPA_DATA\Pebble\patient17		rawData_Day2.txt	syn20681234	True					
./LDOPA_DATA\Pebble\patient17		rawData_Day3.txt	syn20681235	True					
./LDOPA_DATA\Pebble\patient17		rawData_Day4.txt	syn20681236	True					
./LDOPA_DATA\Pebble\patient18		rawData_Day1.txt	syn20681238	True					
./LDOPA_DATA\Pebble\patient18		rawData_Day2.txt	syn20681239	True					
./LDOPA_DATA\Pebble\patient18		rawData_Day3.txt	syn20681240	True					
./LDOPA_DATA\Pebble\patient18		rawData_Day4.txt	syn20681241	True					
./LDOPA_DATA\Pebble\patient19		rawData_Day1.txt	syn20681243	True					
./LDOPA_DATA\Pebble\patient19		rawData_Day2.txt	syn20681244	True					
./LDOPA_DATA\Pebble\patient19		rawData_Day3.txt	syn20681245	True					
./LDOPA_DATA\Pebble\patient19		rawData_Day4.txt	syn20681246	True					
./LDOPA_DATA\Pebble\patient2_NY		rawData_Day1.txt	syn20681248	True					
./LDOPA_DATA\Pebble\patient2_NY		rawData_Day2.txt	syn20681249	True					
./LDOPA_DATA\Pebble\patient2_NY		rawData_Day3.txt	syn20681250	True					
./LDOPA_DATA\Pebble\patient2_NY		rawData_Day4.txt	syn20681251	True					
./LDOPA_DATA\Pebble\patient3		rawData_Day1.txt	syn20681253	True					
./LDOPA_DATA\Pebble\patient3		rawData_Day2.txt	syn20681254	True					
./LDOPA_DATA\Pebble\patient3		rawData_Day3.txt	syn20681255	True					
./LDOPA_DATA\Pebble\patient3		rawData_Day4.txt	syn20681256	True					
./LDOPA_DATA\Pebble\patient3_NY		rawData_Day1.txt	syn20681258	True					
./LDOPA_DATA\Pebble\patient3_NY		rawData_Day2.txt	syn20681259	True					
./LDOPA_DATA\Pebble\patient3_NY		rawData_Day3.txt	syn20681260	True					
./LDOPA_DATA\Pebble\patient3_NY		rawData_Day4.txt	syn20681261	True					
./LDOPA_DATA\Pebble\patient4_NY		rawData_Day1.txt	syn20681263	True					
./LDOPA_DATA\Pebble\patient4_NY		rawData_Day2.txt	syn20681264	True					
./LDOPA_DATA\Pebble\patient4_NY		rawData_Day3.txt	syn20681265	True					
./LDOPA_DATA\Pebble\patient4_NY		rawData_Day4.txt	syn20681267	True					
./LDOPA_DATA\Pebble\patient5		rawData_Day1.txt	syn20681269	True					
./LDOPA_DATA\Pebble\patient5		rawData_Day2.txt	syn20681270	True					
./LDOPA_DATA\Pebble\patient5		rawData_Day3.txt	syn20681271	True					
./LDOPA_DATA\Pebble\patient5		rawData_Day4.txt	syn20681272	True					
./LDOPA_DATA\Pebble\patient5_NY		rawData_Day1.txt	syn20681274	True					
./LDOPA_DATA\Pebble\patient5_NY		rawData_Day2.txt	syn20681275	True					
./LDOPA_DATA\Pebble\patient5_NY		rawData_Day3.txt	syn20681276	True					
./LDOPA_DATA\Pebble\patient5_NY		rawData_Day4.txt	syn20681277	True					
./LDOPA_DATA\Pebble\patient6		rawData_Day1.txt	syn20681279	True					
./LDOPA_DATA\Pebble\patient6		rawData_Day2.txt	syn20681280	True					
./LDOPA_DATA\Pebble\patient6		rawData_Day3.txt	syn20681281	True					
./LDOPA_DATA\Pebble\patient6		rawData_Day4.txt	syn20681282	True					
./LDOPA_DATA\Pebble\patient6_NY		rawData_Day1.txt	syn20681284	True					
./LDOPA_DATA\Pebble\patient6_NY		rawData_Day2.txt	syn20681285	True					
./LDOPA_DATA\Pebble\patient6_NY		rawData_Day3.txt	syn20681286	True					
./LDOPA_DATA\Pebble\patient6_NY		rawData_Day4.txt	syn20681287	True					
./LDOPA_DATA\Pebble\patient7		rawData_Day1.txt	syn20681289	True					
./LDOPA_DATA\Pebble\patient7		rawData_Day2.txt	syn20681290	True					
./LDOPA_DATA\Pebble\patient7		rawData_Day3.txt	syn20681291	True					
./LDOPA_DATA\Pebble\patient7		rawData_Day4.txt	syn20681292	True					
./LDOPA_DATA\Pebble\patient7_NY		rawData_Day1.txt	syn20681294	True					
./LDOPA_DATA\Pebble\patient7_NY		rawData_Day2.txt	syn20681295	True					
./LDOPA_DATA\Pebble\patient7_NY		rawData_Day3.txt	syn20681296	True					
./LDOPA_DATA\Pebble\patient7_NY		rawData_Day4.txt	syn20681297	True					
./LDOPA_DATA\Pebble\patient8		rawData_Day1.txt	syn20681299	True					
./LDOPA_DATA\Pebble\patient8		rawData_Day2.txt	syn20681300	True					
./LDOPA_DATA\Pebble\patient8		rawData_Day3.txt	syn20681301	True					
./LDOPA_DATA\Pebble\patient8		rawData_Day4.txt	syn20681302	True					
./LDOPA_DATA\Pebble\patient8_NY		rawData_Day1.txt	syn20681304	True					
./LDOPA_DATA\Pebble\patient8_NY		rawData_Day2.txt	syn20681305	True					
./LDOPA_DATA\Pebble\patient8_NY		rawData_Day3.txt	syn20681306	True					
./LDOPA_DATA\Pebble\patient8_NY		rawData_Day4.txt	syn20681307	True					
./LDOPA_DATA\Pebble\patient9		rawData_Day1.txt	syn20681309	True					
./LDOPA_DATA\Pebble\patient9		rawData_Day2.txt	syn20681310	True					
./LDOPA_DATA\Pebble\patient9		rawData_Day3.txt	syn20681311	True					
./LDOPA_DATA\Pebble\patient9		rawData_Day4.txt	syn20681312	True					
./LDOPA_DATA\Pebble\patient9_NY		rawData_Day1.txt	syn20681314	True					
./LDOPA_DATA\Pebble\patient9_NY		rawData_Day2.txt	syn20681315	True					
./LDOPA_DATA\Pebble\patient9_NY		rawData_Day3.txt	syn20681316	True					
./LDOPA_DATA\Pebble\patient9_NY		rawData_Day4.txt	syn20681317	True					
./LDOPA_DATA\Phone\patient10		rawData_Day1.txt	syn20681320	True					
./LDOPA_DATA\Phone\patient10		rawData_Day2.txt	syn20681321	True					
./LDOPA_DATA\Phone\patient10		rawData_Day3.txt	syn20681322	True					
./LDOPA_DATA\Phone\patient10		rawData_Day4.txt	syn20681323	True					
./LDOPA_DATA\Phone\patient10_NY		rawData_Day1.txt	syn20681325	True					
./LDOPA_DATA\Phone\patient10_NY		rawData_Day2.txt	syn20681326	True					
./LDOPA_DATA\Phone\patient10_NY		rawData_Day3.txt	syn20681327	True					
./LDOPA_DATA\Phone\patient10_NY		rawData_Day4.txt	syn20681328	True					
./LDOPA_DATA\Phone\patient11		rawData_Day1.txt	syn20681330	True					
./LDOPA_DATA\Phone\patient11		rawData_Day2.txt	syn20681331	True					
./LDOPA_DATA\Phone\patient11		rawData_Day3.txt	syn20681332	True					
./LDOPA_DATA\Phone\patient11		rawData_Day4.txt	syn20681333	True					
./LDOPA_DATA\Phone\patient11_NY		rawData_Day1.txt	syn20681335	True					
./LDOPA_DATA\Phone\patient11_NY		rawData_Day2.txt	syn20681336	True					
./LDOPA_DATA\Phone\patient11_NY		rawData_Day3.txt	syn20681338	True					
./LDOPA_DATA\Phone\patient11_NY		rawData_Day4.txt	syn20681339	True					
./LDOPA_DATA\Phone\patient12		rawData_Day1.txt	syn20681341	True					
./LDOPA_DATA\Phone\patient12		rawData_Day2.txt	syn20681342	True					
./LDOPA_DATA\Phone\patient12		rawData_Day3.txt	syn20681343	True					
./LDOPA_DATA\Phone\patient12		rawData_Day4.txt	syn20681344	True					
./LDOPA_DATA\Phone\patient12_NY		rawData_Day1.txt	syn20681348	True					
./LDOPA_DATA\Phone\patient12_NY		rawData_Day2.txt	syn20681349	True					
./LDOPA_DATA\Phone\patient12_NY		rawData_Day3.txt	syn20681350	True					
./LDOPA_DATA\Phone\patient12_NY		rawData_Day4.txt	syn20681351	True					
./LDOPA_DATA\Phone\patient13		rawData_Day1.txt	syn20681353	True					
./LDOPA_DATA\Phone\patient13		rawData_Day2.txt	syn20681354	True					
./LDOPA_DATA\Phone\patient13		rawData_Day3.txt	syn20681355	True					
./LDOPA_DATA\Phone\patient13		rawData_Day4.txt	syn20681356	True					
./LDOPA_DATA\Phone\patient14		rawData_Day1.txt	syn20681358	True					
./LDOPA_DATA\Phone\patient14		rawData_Day2.txt	syn20681359	True					
./LDOPA_DATA\Phone\patient14		rawData_Day3.txt	syn20681360	True					
./LDOPA_DATA\Phone\patient14		rawData_Day4.txt	syn20681361	True					
./LDOPA_DATA\Phone\patient15		rawData_Day1.txt	syn20681363	True					
./LDOPA_DATA\Phone\patient15		rawData_Day2.txt	syn20681364	True					
./LDOPA_DATA\Phone\patient15		rawData_Day3.txt	syn20681365	True					
./LDOPA_DATA\Phone\patient15		rawData_Day4.txt	syn20681366	True					
./LDOPA_DATA\Phone\patient16		rawData_Day1.txt	syn20681368	True					
./LDOPA_DATA\Phone\patient16		rawData_Day2.txt	syn20681369	True					
./LDOPA_DATA\Phone\patient16		rawData_Day3.txt	syn20681370	True					
./LDOPA_DATA\Phone\patient16		rawData_Day4.txt	syn20681371	True					
./LDOPA_DATA\Phone\patient17		rawData_Day1.txt	syn20681373	True					
./LDOPA_DATA\Phone\patient17		rawData_Day2.txt	syn20681374	True					
./LDOPA_DATA\Phone\patient17		rawData_Day3.txt	syn20681375	True					
./LDOPA_DATA\Phone\patient17		rawData_Day4.txt	syn20681376	True					
./LDOPA_DATA\Phone\patient18		rawData_Day1.txt	syn20681378	True					
./LDOPA_DATA\Phone\patient18		rawData_Day2.txt	syn20681379	True					
./LDOPA_DATA\Phone\patient18		rawData_Day3.txt	syn20681380	True					
./LDOPA_DATA\Phone\patient18		rawData_Day4.txt	syn20681381	True					
./LDOPA_DATA\Phone\patient19		rawData_Day1.txt	syn20681383	True					
./LDOPA_DATA\Phone\patient19		rawData_Day2.txt	syn20681384	True					
./LDOPA_DATA\Phone\patient19		rawData_Day3.txt	syn20681385	True					
./LDOPA_DATA\Phone\patient19		rawData_Day4.txt	syn20681386	True					
./LDOPA_DATA\Phone\patient2_NY		rawData_Day1.txt	syn20681388	True					
./LDOPA_DATA\Phone\patient2_NY		rawData_Day2.txt	syn20681389	True					
./LDOPA_DATA\Phone\patient2_NY		rawData_Day3.txt	syn20681390	True					
./LDOPA_DATA\Phone\patient2_NY		rawData_Day4.txt	syn20681391	True					
./LDOPA_DATA\Phone\patient3		rawData_Day1.txt	syn20681393	True					
./LDOPA_DATA\Phone\patient3		rawData_Day2.txt	syn20681394	True					
./LDOPA_DATA\Phone\patient3		rawData_Day3.txt	syn20681395	True					
./LDOPA_DATA\Phone\patient3		rawData_Day4.txt	syn20681396	True					
./LDOPA_DATA\Phone\patient3_NY		rawData_Day1.txt	syn20681398	True					
./LDOPA_DATA\Phone\patient3_NY		rawData_Day2.txt	syn20681399	True					
./LDOPA_DATA\Phone\patient3_NY		rawData_Day3.txt	syn20681400	True					
./LDOPA_DATA\Phone\patient3_NY		rawData_Day4.txt	syn20681401	True					
./LDOPA_DATA\Phone\patient4_NY		rawData_Day1.txt	syn20681403	True					
./LDOPA_DATA\Phone\patient4_NY		rawData_Day2.txt	syn20681404	True					
./LDOPA_DATA\Phone\patient4_NY		rawData_Day3.txt	syn20681405	True					
./LDOPA_DATA\Phone\patient4_NY		rawData_Day4.txt	syn20681406	True					
./LDOPA_DATA\Phone\patient5		rawData_Day1.txt	syn20681408	True					
./LDOPA_DATA\Phone\patient5		rawData_Day2.txt	syn20681409	True					
./LDOPA_DATA\Phone\patient5		rawData_Day3.txt	syn20681410	True					
./LDOPA_DATA\Phone\patient5		rawData_Day4.txt	syn20681411	True					
./LDOPA_DATA\Phone\patient5_NY		rawData_Day1.txt	syn20681413	True					
./LDOPA_DATA\Phone\patient5_NY		rawData_Day2.txt	syn20681414	True					
./LDOPA_DATA\Phone\patient5_NY		rawData_Day3.txt	syn20681415	True					
./LDOPA_DATA\Phone\patient5_NY		rawData_Day4.txt	syn20681416	True					
./LDOPA_DATA\Phone\patient6		rawData_Day1.txt	syn20681418	True					
./LDOPA_DATA\Phone\patient6		rawData_Day2.txt	syn20681419	True					
./LDOPA_DATA\Phone\patient6		rawData_Day3.txt	syn20681421	True					
./LDOPA_DATA\Phone\patient6		rawData_Day4.txt	syn20681422	True					
./LDOPA_DATA\Phone\patient6_NY		rawData_Day1.txt	syn20681424	True					
./LDOPA_DATA\Phone\patient6_NY		rawData_Day2.txt	syn20681425	True					
./LDOPA_DATA\Phone\patient6_NY		rawData_Day3.txt	syn20681426	True					
./LDOPA_DATA\Phone\patient6_NY		rawData_Day4.txt	syn20681427	True					
./LDOPA_DATA\Phone\patient7		rawData_Day1.txt	syn20681429	True					
./LDOPA_DATA\Phone\patient7		rawData_Day2.txt	syn20681430	True					
./LDOPA_DATA\Phone\patient7		rawData_Day3.txt	syn20681431	True					
./LDOPA_DATA\Phone\patient7		rawData_Day4.txt	syn20681432	True					
./LDOPA_DATA\Phone\patient7_NY		rawData_Day1.txt	syn20681434	True					
./LDOPA_DATA\Phone\patient7_NY		rawData_Day2.txt	syn20681435	True					
./LDOPA_DATA\Phone\patient7_NY		rawData_Day3.txt	syn20681436	True					
./LDOPA_DATA\Phone\patient7_NY		rawData_Day4.txt	syn20681437	True					
./LDOPA_DATA\Phone\patient8		rawData_Day1.txt	syn20681439	True					
./LDOPA_DATA\Phone\patient8		rawData_Day2.txt	syn20681440	True					
./LDOPA_DATA\Phone\patient8		rawData_Day3.txt	syn20681441	True					
./LDOPA_DATA\Phone\patient8		rawData_Day4.txt	syn20681442	True					
./LDOPA_DATA\Phone\patient8_NY		rawData_Day1.txt	syn20681444	True					
./LDOPA_DATA\Phone\patient8_NY		rawData_Day2.txt	syn20681445	True					
./LDOPA_DATA\Phone\patient8_NY		rawData_Day3.txt	syn20681446	True					
./LDOPA_DATA\Phone\patient8_NY		rawData_Day4.txt	syn20681447	True					
./LDOPA_DATA\Phone\patient9		rawData_Day1.txt	syn20681449	True					
./LDOPA_DATA\Phone\patient9		rawData_Day2.txt	syn20681450	True					
./LDOPA_DATA\Phone\patient9		rawData_Day3.txt	syn20681451	True					
./LDOPA_DATA\Phone\patient9		rawData_Day4.txt	syn20681452	True					
./LDOPA_DATA\Phone\patient9_NY		rawData_Day1.txt	syn20681454	True					
./LDOPA_DATA\Phone\patient9_NY		rawData_Day2.txt	syn20681455	True					
./LDOPA_DATA\Phone\patient9_NY		rawData_Day3.txt	syn20681456	True					
./LDOPA_DATA\Phone\patient9_NY		rawData_Day4.txt	syn20681457	True					
./LDOPA_DATA\Shimmer_Back\patient10		rawData_Day1.txt	syn20681460	True					
./LDOPA_DATA\Shimmer_Back\patient10		rawData_Day2.txt	syn20681461	True					
./LDOPA_DATA\Shimmer_Back\patient10		rawData_Day3.txt	syn20681462	True					
./LDOPA_DATA\Shimmer_Back\patient10		rawData_Day4.txt	syn20681463	True					
./LDOPA_DATA\Shimmer_Back\patient11		rawData_Day1.txt	syn20681465	True					
./LDOPA_DATA\Shimmer_Back\patient11		rawData_Day2.txt	syn20681466	True					
./LDOPA_DATA\Shimmer_Back\patient11		rawData_Day3.txt	syn20681467	True					
./LDOPA_DATA\Shimmer_Back\patient11		rawData_Day4.txt	syn20681468	True					
./LDOPA_DATA\Shimmer_Back\patient12		rawData_Day1.txt	syn20681470	True					
./LDOPA_DATA\Shimmer_Back\patient12		rawData_Day2.txt	syn20681471	True					
./LDOPA_DATA\Shimmer_Back\patient12		rawData_Day3.txt	syn20681472	True					
./LDOPA_DATA\Shimmer_Back\patient12		rawData_Day4.txt	syn20681473	True					
./LDOPA_DATA\Shimmer_Back\patient13		rawData_Day1.txt	syn20681475	True					
./LDOPA_DATA\Shimmer_Back\patient13		rawData_Day2.txt	syn20681476	True					
./LDOPA_DATA\Shimmer_Back\patient13		rawData_Day3.txt	syn20681477	True					
./LDOPA_DATA\Shimmer_Back\patient13		rawData_Day4.txt	syn20681478	True					
./LDOPA_DATA\Shimmer_Back\patient14		rawData_Day1.txt	syn20681480	True					
./LDOPA_DATA\Shimmer_Back\patient14		rawData_Day2.txt	syn20681481	True					
./LDOPA_DATA\Shimmer_Back\patient14		rawData_Day3.txt	syn20681482	True					
./LDOPA_DATA\Shimmer_Back\patient14		rawData_Day4.txt	syn20681483	True					
./LDOPA_DATA\Shimmer_Back\patient15		rawData_Day1.txt	syn20681485	True					
./LDOPA_DATA\Shimmer_Back\patient15		rawData_Day2.txt	syn20681486	True					
./LDOPA_DATA\Shimmer_Back\patient15		rawData_Day3.txt	syn20681487	True					
./LDOPA_DATA\Shimmer_Back\patient15		rawData_Day4.txt	syn20681488	True					
./LDOPA_DATA\Shimmer_Back\patient16		rawData_Day1.txt	syn20681490	True					
./LDOPA_DATA\Shimmer_Back\patient16		rawData_Day2.txt	syn20681491	True					
./LDOPA_DATA\Shimmer_Back\patient16		rawData_Day3.txt	syn20681492	True					
./LDOPA_DATA\Shimmer_Back\patient16		rawData_Day4.txt	syn20681493	True					
./LDOPA_DATA\Shimmer_Back\patient17		rawData_Day1.txt	syn20681495	True					
./LDOPA_DATA\Shimmer_Back\patient17		rawData_Day2.txt	syn20681496	True					
./LDOPA_DATA\Shimmer_Back\patient17		rawData_Day3.txt	syn20681497	True					
./LDOPA_DATA\Shimmer_Back\patient17		rawData_Day4.txt	syn20681498	True					
./LDOPA_DATA\Shimmer_Back\patient18		rawData_Day1.txt	syn20681500	True					
./LDOPA_DATA\Shimmer_Back\patient18		rawData_Day2.txt	syn20681501	True					
./LDOPA_DATA\Shimmer_Back\patient18		rawData_Day3.txt	syn20681502	True					
./LDOPA_DATA\Shimmer_Back\patient18		rawData_Day4.txt	syn20681503	True					
./LDOPA_DATA\Shimmer_Back\patient19		rawData_Day1.txt	syn20681505	True					
./LDOPA_DATA\Shimmer_Back\patient19		rawData_Day2.txt	syn20681506	True					
./LDOPA_DATA\Shimmer_Back\patient19		rawData_Day3.txt	syn20681507	True					
./LDOPA_DATA\Shimmer_Back\patient19		rawData_Day4.txt	syn20681508	True					
./LDOPA_DATA\Shimmer_Back\patient3		rawData_Day1.txt	syn20681510	True					
./LDOPA_DATA\Shimmer_Back\patient3		rawData_Day2.txt	syn20681511	True					
./LDOPA_DATA\Shimmer_Back\patient3		rawData_Day3.txt	syn20681512	True					
./LDOPA_DATA\Shimmer_Back\patient3		rawData_Day4.txt	syn20681513	True					
./LDOPA_DATA\Shimmer_Back\patient4		rawData_Day1.txt	syn20681515	True					
./LDOPA_DATA\Shimmer_Back\patient4		rawData_Day2.txt	syn20681516	True					
./LDOPA_DATA\Shimmer_Back\patient4		rawData_Day3.txt	syn20681517	True					
./LDOPA_DATA\Shimmer_Back\patient4		rawData_Day4.txt	syn20681518	True					
./LDOPA_DATA\Shimmer_Back\patient5		rawData_Day1.txt	syn20681520	True					
./LDOPA_DATA\Shimmer_Back\patient5		rawData_Day2.txt	syn20681521	True					
./LDOPA_DATA\Shimmer_Back\patient5		rawData_Day3.txt	syn20681522	True					
./LDOPA_DATA\Shimmer_Back\patient5		rawData_Day4.txt	syn20681523	True					
./LDOPA_DATA\Shimmer_Back\patient6		rawData_Day1.txt	syn20681525	True					
./LDOPA_DATA\Shimmer_Back\patient6		rawData_Day2.txt	syn20681526	True					
./LDOPA_DATA\Shimmer_Back\patient6		rawData_Day3.txt	syn20681527	True					
./LDOPA_DATA\Shimmer_Back\patient6		rawData_Day4.txt	syn20681528	True					
./LDOPA_DATA\Shimmer_Back\patient7		rawData_Day1.txt	syn20681530	True					
./LDOPA_DATA\Shimmer_Back\patient7		rawData_Day2.txt	syn20681531	True					
./LDOPA_DATA\Shimmer_Back\patient7		rawData_Day3.txt	syn20681532	True					
./LDOPA_DATA\Shimmer_Back\patient7		rawData_Day4.txt	syn20681533	True					
./LDOPA_DATA\Shimmer_Back\patient8		rawData_Day1.txt	syn20681535	True					
./LDOPA_DATA\Shimmer_Back\patient8		rawData_Day2.txt	syn20681536	True					
./LDOPA_DATA\Shimmer_Back\patient8		rawData_Day3.txt	syn20681537	True					
./LDOPA_DATA\Shimmer_Back\patient8		rawData_Day4.txt	syn20681538	True					
./LDOPA_DATA\Shimmer_Back\patient9		rawData_Day1.txt	syn20681540	True					
./LDOPA_DATA\Shimmer_Back\patient9		rawData_Day2.txt	syn20681541	True					
./LDOPA_DATA\Shimmer_Back\patient9		rawData_Day3.txt	syn20681542	True					
./LDOPA_DATA\Shimmer_Back\patient9		rawData_Day4.txt	syn20681543	True					
./LDOPA_DATA\Shimmer_LeftAnkle\patient10		rawData_Day1.txt	syn20681546	True					
./LDOPA_DATA\Shimmer_LeftAnkle\patient10		rawData_Day2.txt	syn20681547	True					
./LDOPA_DATA\Shimmer_LeftAnkle\patient10		rawData_Day3.txt	syn20681548	True					
./LDOPA_DATA\Shimmer_LeftAnkle\patient10		rawData_Day4.txt	syn20681549	True					
./LDOPA_DATA\Shimmer_LeftAnkle\patient11		rawData_Day1.txt	syn20681551	True					
./LDOPA_DATA\Shimmer_LeftAnkle\patient11		rawData_Day2.txt	syn20681552	True					
./LDOPA_DATA\Shimmer_LeftAnkle\patient11		rawData_Day3.txt	syn20681553	True					
./LDOPA_DATA\Shimmer_LeftAnkle\patient11		rawData_Day4.txt	syn20681554	True					
./LDOPA_DATA\Shimmer_LeftAnkle\patient12		rawData_Day1.txt	syn20681556	True					
./LDOPA_DATA\Shimmer_LeftAnkle\patient12		rawData_Day2.txt	syn20681557	True					
./LDOPA_DATA\Shimmer_LeftAnkle\patient12		rawData_Day3.txt	syn20681558	True					
./LDOPA_DATA\Shimmer_LeftAnkle\patient12		rawData_Day4.txt	syn20681559	True					
./LDOPA_DATA\Shimmer_LeftAnkle\patient13		rawData_Day1.txt	syn20681561	True					
./LDOPA_DATA\Shimmer_LeftAnkle\patient13		rawData_Day2.txt	syn20681562	True					
./LDOPA_DATA\Shimmer_LeftAnkle\patient13		rawData_Day3.txt	syn20681563	True					
./LDOPA_DATA\Shimmer_LeftAnkle\patient13		rawData_Day4.txt	syn20681564	True					
./LDOPA_DATA\Shimmer_LeftAnkle\patient14		rawData_Day1.txt	syn20681566	True					
./LDOPA_DATA\Shimmer_LeftAnkle\patient14		rawData_Day2.txt	syn20681567	True					
./LDOPA_DATA\Shimmer_LeftAnkle\patient14		rawData_Day3.txt	syn20681568	True					
./LDOPA_DATA\Shimmer_LeftAnkle\patient14		rawData_Day4.txt	syn20681569	True					
./LDOPA_DATA\Shimmer_LeftAnkle\patient15		rawData_Day1.txt	syn20681571	True					
./LDOPA_DATA\Shimmer_LeftAnkle\patient15		rawData_Day2.txt	syn20681572	True					
./LDOPA_DATA\Shimmer_LeftAnkle\patient15		rawData_Day3.txt	syn20681573	True					
./LDOPA_DATA\Shimmer_LeftAnkle\patient15		rawData_Day4.txt	syn20681574	True					
./LDOPA_DATA\Shimmer_LeftAnkle\patient16		rawData_Day1.txt	syn20681576	True					
./LDOPA_DATA\Shimmer_LeftAnkle\patient16		rawData_Day2.txt	syn20681577	True					
./LDOPA_DATA\Shimmer_LeftAnkle\patient16		rawData_Day3.txt	syn20681578	True					
./LDOPA_DATA\Shimmer_LeftAnkle\patient16		rawData_Day4.txt	syn20681579	True					
./LDOPA_DATA\Shimmer_LeftAnkle\patient17		rawData_Day1.txt	syn20681581	True					
./LDOPA_DATA\Shimmer_LeftAnkle\patient17		rawData_Day2.txt	syn20681582	True					
./LDOPA_DATA\Shimmer_LeftAnkle\patient17		rawData_Day3.txt	syn20681583	True					
./LDOPA_DATA\Shimmer_LeftAnkle\patient17		rawData_Day4.txt	syn20681584	True					
./LDOPA_DATA\Shimmer_LeftAnkle\patient18		rawData_Day1.txt	syn20681586	True					
./LDOPA_DATA\Shimmer_LeftAnkle\patient18		rawData_Day2.txt	syn20681587	True					
./LDOPA_DATA\Shimmer_LeftAnkle\patient18		rawData_Day3.txt	syn20681588	True					
./LDOPA_DATA\Shimmer_LeftAnkle\patient18		rawData_Day4.txt	syn20681589	True					
./LDOPA_DATA\Shimmer_LeftAnkle\patient19		rawData_Day1.txt	syn20681591	True					
./LDOPA_DATA\Shimmer_LeftAnkle\patient19		rawData_Day2.txt	syn20681592	True					
./LDOPA_DATA\Shimmer_LeftAnkle\patient19		rawData_Day3.txt	syn20681593	True					
./LDOPA_DATA\Shimmer_LeftAnkle\patient19		rawData_Day4.txt	syn20681594	True					
./LDOPA_DATA\Shimmer_LeftAnkle\patient3		rawData_Day1.txt	syn20681596	True					
./LDOPA_DATA\Shimmer_LeftAnkle\patient3		rawData_Day2.txt	syn20681597	True					
./LDOPA_DATA\Shimmer_LeftAnkle\patient3		rawData_Day3.txt	syn20681598	True					
./LDOPA_DATA\Shimmer_LeftAnkle\patient3		rawData_Day4.txt	syn20681599	True					
./LDOPA_DATA\Shimmer_LeftAnkle\patient4		rawData_Day1.txt	syn20681601	True					
./LDOPA_DATA\Shimmer_LeftAnkle\patient4		rawData_Day2.txt	syn20681602	True					
./LDOPA_DATA\Shimmer_LeftAnkle\patient4		rawData_Day3.txt	syn20681603	True					
./LDOPA_DATA\Shimmer_LeftAnkle\patient4		rawData_Day4.txt	syn20681604	True					
./LDOPA_DATA\Shimmer_LeftAnkle\patient5		rawData_Day1.txt	syn20681606	True					
./LDOPA_DATA\Shimmer_LeftAnkle\patient5		rawData_Day2.txt	syn20681607	True					
./LDOPA_DATA\Shimmer_LeftAnkle\patient5		rawData_Day3.txt	syn20681608	True					
./LDOPA_DATA\Shimmer_LeftAnkle\patient5		rawData_Day4.txt	syn20681609	True					
./LDOPA_DATA\Shimmer_LeftAnkle\patient6		rawData_Day1.txt	syn20681611	True					
./LDOPA_DATA\Shimmer_LeftAnkle\patient6		rawData_Day2.txt	syn20681612	True					
./LDOPA_DATA\Shimmer_LeftAnkle\patient6		rawData_Day3.txt	syn20681613	True					
./LDOPA_DATA\Shimmer_LeftAnkle\patient6		rawData_Day4.txt	syn20681614	True					
./LDOPA_DATA\Shimmer_LeftAnkle\patient7		rawData_Day1.txt	syn20681616	True					
./LDOPA_DATA\Shimmer_LeftAnkle\patient7		rawData_Day2.txt	syn20681617	True					
./LDOPA_DATA\Shimmer_LeftAnkle\patient7		rawData_Day3.txt	syn20681618	True					
./LDOPA_DATA\Shimmer_LeftAnkle\patient7		rawData_Day4.txt	syn20681619	True					
./LDOPA_DATA\Shimmer_LeftAnkle\patient8		rawData_Day1.txt	syn20681621	True					
./LDOPA_DATA\Shimmer_LeftAnkle\patient8		rawData_Day2.txt	syn20681622	True					
./LDOPA_DATA\Shimmer_LeftAnkle\patient8		rawData_Day3.txt	syn20681623	True					
./LDOPA_DATA\Shimmer_LeftAnkle\patient8		rawData_Day4.txt	syn20681624	True					
./LDOPA_DATA\Shimmer_LeftAnkle\patient9		rawData_Day1.txt	syn20681626	True					
./LDOPA_DATA\Shimmer_LeftAnkle\patient9		rawData_Day2.txt	syn20681627	True					
./LDOPA_DATA\Shimmer_LeftAnkle\patient9		rawData_Day3.txt	syn20681628	True					
./LDOPA_DATA\Shimmer_LeftAnkle\patient9		rawData_Day4.txt	syn20681629	True					
./LDOPA_DATA\Shimmer_LeftWrist\patient10		rawData_Day1.txt	syn20681632	True					
./LDOPA_DATA\Shimmer_LeftWrist\patient10		rawData_Day2.txt	syn20681633	True					
./LDOPA_DATA\Shimmer_LeftWrist\patient10		rawData_Day3.txt	syn20681634	True					
./LDOPA_DATA\Shimmer_LeftWrist\patient10		rawData_Day4.txt	syn20681635	True					
./LDOPA_DATA\Shimmer_LeftWrist\patient11		rawData_Day1.txt	syn20681637	True					
./LDOPA_DATA\Shimmer_LeftWrist\patient11		rawData_Day2.txt	syn20681638	True					
./LDOPA_DATA\Shimmer_LeftWrist\patient11		rawData_Day3.txt	syn20681639	True					
./LDOPA_DATA\Shimmer_LeftWrist\patient11		rawData_Day4.txt	syn20681640	True					
./LDOPA_DATA\Shimmer_LeftWrist\patient12		rawData_Day1.txt	syn20681642	True					
./LDOPA_DATA\Shimmer_LeftWrist\patient12		rawData_Day2.txt	syn20681643	True					
./LDOPA_DATA\Shimmer_LeftWrist\patient12		rawData_Day3.txt	syn20681644	True					
./LDOPA_DATA\Shimmer_LeftWrist\patient12		rawData_Day4.txt	syn20681645	True					
./LDOPA_DATA\Shimmer_LeftWrist\patient13		rawData_Day1.txt	syn20681647	True					
./LDOPA_DATA\Shimmer_LeftWrist\patient13		rawData_Day2.txt	syn20681648	True					
./LDOPA_DATA\Shimmer_LeftWrist\patient13		rawData_Day3.txt	syn20681649	True					
./LDOPA_DATA\Shimmer_LeftWrist\patient13		rawData_Day4.txt	syn20681650	True					
./LDOPA_DATA\Shimmer_LeftWrist\patient14		rawData_Day1.txt	syn20681652	True					
./LDOPA_DATA\Shimmer_LeftWrist\patient14		rawData_Day2.txt	syn20681653	True					
./LDOPA_DATA\Shimmer_LeftWrist\patient14		rawData_Day3.txt	syn20681654	True					
./LDOPA_DATA\Shimmer_LeftWrist\patient14		rawData_Day4.txt	syn20681656	True					
./LDOPA_DATA\Shimmer_LeftWrist\patient15		rawData_Day1.txt	syn20681658	True					
./LDOPA_DATA\Shimmer_LeftWrist\patient15		rawData_Day2.txt	syn20681659	True					
./LDOPA_DATA\Shimmer_LeftWrist\patient15		rawData_Day3.txt	syn20681660	True					
./LDOPA_DATA\Shimmer_LeftWrist\patient15		rawData_Day4.txt	syn20681661	True					
./LDOPA_DATA\Shimmer_LeftWrist\patient16		rawData_Day1.txt	syn20681663	True					
./LDOPA_DATA\Shimmer_LeftWrist\patient16		rawData_Day2.txt	syn20681664	True					
./LDOPA_DATA\Shimmer_LeftWrist\patient16		rawData_Day3.txt	syn20681665	True					
./LDOPA_DATA\Shimmer_LeftWrist\patient16		rawData_Day4.txt	syn20681666	True					
./LDOPA_DATA\Shimmer_LeftWrist\patient17		rawData_Day1.txt	syn20681668	True					
./LDOPA_DATA\Shimmer_LeftWrist\patient17		rawData_Day2.txt	syn20681669	True					
./LDOPA_DATA\Shimmer_LeftWrist\patient17		rawData_Day3.txt	syn20681670	True					
./LDOPA_DATA\Shimmer_LeftWrist\patient17		rawData_Day4.txt	syn20681671	True					
./LDOPA_DATA\Shimmer_LeftWrist\patient18		rawData_Day1.txt	syn20681673	True					
./LDOPA_DATA\Shimmer_LeftWrist\patient18		rawData_Day2.txt	syn20681674	True					
./LDOPA_DATA\Shimmer_LeftWrist\patient18		rawData_Day3.txt	syn20681675	True					
./LDOPA_DATA\Shimmer_LeftWrist\patient18		rawData_Day4.txt	syn20681676	True					
./LDOPA_DATA\Shimmer_LeftWrist\patient19		rawData_Day1.txt	syn20681678	True					
./LDOPA_DATA\Shimmer_LeftWrist\patient19		rawData_Day2.txt	syn20681679	True					
./LDOPA_DATA\Shimmer_LeftWrist\patient19		rawData_Day3.txt	syn20681680	True					
./LDOPA_DATA\Shimmer_LeftWrist\patient19		rawData_Day4.txt	syn20681681	True					
./LDOPA_DATA\Shimmer_LeftWrist\patient3		rawData_Day1.txt	syn20681683	True					
./LDOPA_DATA\Shimmer_LeftWrist\patient3		rawData_Day2.txt	syn20681684	True					
./LDOPA_DATA\Shimmer_LeftWrist\patient3		rawData_Day3.txt	syn20681685	True					
./LDOPA_DATA\Shimmer_LeftWrist\patient3		rawData_Day4.txt	syn20681686	True					
./LDOPA_DATA\Shimmer_LeftWrist\patient4		rawData_Day1.txt	syn20681688	True					
./LDOPA_DATA\Shimmer_LeftWrist\patient4		rawData_Day2.txt	syn20681689	True					
./LDOPA_DATA\Shimmer_LeftWrist\patient4		rawData_Day3.txt	syn20681690	True					
./LDOPA_DATA\Shimmer_LeftWrist\patient4		rawData_Day4.txt	syn20681691	True					
./LDOPA_DATA\Shimmer_LeftWrist\patient5		rawData_Day1.txt	syn20681693	True					
./LDOPA_DATA\Shimmer_LeftWrist\patient5		rawData_Day2.txt	syn20681694	True					
./LDOPA_DATA\Shimmer_LeftWrist\patient5		rawData_Day3.txt	syn20681695	True					
./LDOPA_DATA\Shimmer_LeftWrist\patient5		rawData_Day4.txt	syn20681696	True					
./LDOPA_DATA\Shimmer_LeftWrist\patient6		rawData_Day1.txt	syn20681698	True					
./LDOPA_DATA\Shimmer_LeftWrist\patient6		rawData_Day2.txt	syn20681699	True					
./LDOPA_DATA\Shimmer_LeftWrist\patient6		rawData_Day3.txt	syn20681700	True					
./LDOPA_DATA\Shimmer_LeftWrist\patient6		rawData_Day4.txt	syn20681701	True					
./LDOPA_DATA\Shimmer_LeftWrist\patient7		rawData_Day1.txt	syn20681703	True					
./LDOPA_DATA\Shimmer_LeftWrist\patient7		rawData_Day2.txt	syn20681704	True					
./LDOPA_DATA\Shimmer_LeftWrist\patient7		rawData_Day3.txt	syn20681705	True					
./LDOPA_DATA\Shimmer_LeftWrist\patient7		rawData_Day4.txt	syn20681706	True					
./LDOPA_DATA\Shimmer_LeftWrist\patient8		rawData_Day1.txt	syn20681708	True					
./LDOPA_DATA\Shimmer_LeftWrist\patient8		rawData_Day2.txt	syn20681709	True					
./LDOPA_DATA\Shimmer_LeftWrist\patient8		rawData_Day3.txt	syn20681710	True					
./LDOPA_DATA\Shimmer_LeftWrist\patient8		rawData_Day4.txt	syn20681711	True					
./LDOPA_DATA\Shimmer_LeftWrist\patient9		rawData_Day1.txt	syn20681713	True					
./LDOPA_DATA\Shimmer_LeftWrist\patient9		rawData_Day2.txt	syn20681714	True					
./LDOPA_DATA\Shimmer_LeftWrist\patient9		rawData_Day3.txt	syn20681715	True					
./LDOPA_DATA\Shimmer_LeftWrist\patient9		rawData_Day4.txt	syn20681716	True					
./LDOPA_DATA\Shimmer_RightAnkle\patient10		rawData_Day1.txt	syn20681719	True					
./LDOPA_DATA\Shimmer_RightAnkle\patient10		rawData_Day2.txt	syn20681720	True					
./LDOPA_DATA\Shimmer_RightAnkle\patient10		rawData_Day3.txt	syn20681721	True					
./LDOPA_DATA\Shimmer_RightAnkle\patient10		rawData_Day4.txt	syn20681722	True					
./LDOPA_DATA\Shimmer_RightAnkle\patient11		rawData_Day1.txt	syn20681724	True					
./LDOPA_DATA\Shimmer_RightAnkle\patient11		rawData_Day2.txt	syn20681725	True					
./LDOPA_DATA\Shimmer_RightAnkle\patient11		rawData_Day3.txt	syn20681726	True					
./LDOPA_DATA\Shimmer_RightAnkle\patient11		rawData_Day4.txt	syn20681727	True					
./LDOPA_DATA\Shimmer_RightAnkle\patient12		rawData_Day1.txt	syn20681729	True					
./LDOPA_DATA\Shimmer_RightAnkle\patient12		rawData_Day2.txt	syn20681730	True					
./LDOPA_DATA\Shimmer_RightAnkle\patient12		rawData_Day3.txt	syn20681731	True					
./LDOPA_DATA\Shimmer_RightAnkle\patient12		rawData_Day4.txt	syn20681732	True					
./LDOPA_DATA\Shimmer_RightAnkle\patient13		rawData_Day1.txt	syn20681734	True					
./LDOPA_DATA\Shimmer_RightAnkle\patient13		rawData_Day2.txt	syn20681735	True					
./LDOPA_DATA\Shimmer_RightAnkle\patient13		rawData_Day3.txt	syn20681736	True					
./LDOPA_DATA\Shimmer_RightAnkle\patient13		rawData_Day4.txt	syn20681737	True					
./LDOPA_DATA\Shimmer_RightAnkle\patient14		rawData_Day1.txt	syn20681739	True					
./LDOPA_DATA\Shimmer_RightAnkle\patient14		rawData_Day2.txt	syn20681740	True					
./LDOPA_DATA\Shimmer_RightAnkle\patient14		rawData_Day3.txt	syn20681741	True					
./LDOPA_DATA\Shimmer_RightAnkle\patient14		rawData_Day4.txt	syn20681742	True					
./LDOPA_DATA\Shimmer_RightAnkle\patient15		rawData_Day1.txt	syn20681744	True					
./LDOPA_DATA\Shimmer_RightAnkle\patient15		rawData_Day2.txt	syn20681745	True					
./LDOPA_DATA\Shimmer_RightAnkle\patient15		rawData_Day3.txt	syn20681746	True					
./LDOPA_DATA\Shimmer_RightAnkle\patient15		rawData_Day4.txt	syn20681747	True					
./LDOPA_DATA\Shimmer_RightAnkle\patient16		rawData_Day1.txt	syn20681749	True					
./LDOPA_DATA\Shimmer_RightAnkle\patient16		rawData_Day2.txt	syn20681750	True					
./LDOPA_DATA\Shimmer_RightAnkle\patient16		rawData_Day3.txt	syn20681751	True					
./LDOPA_DATA\Shimmer_RightAnkle\patient16		rawData_Day4.txt	syn20681752	True					
./LDOPA_DATA\Shimmer_RightAnkle\patient17		rawData_Day1.txt	syn20681754	True					
./LDOPA_DATA\Shimmer_RightAnkle\patient17		rawData_Day2.txt	syn20681755	True					
./LDOPA_DATA\Shimmer_RightAnkle\patient17		rawData_Day3.txt	syn20681756	True					
./LDOPA_DATA\Shimmer_RightAnkle\patient17		rawData_Day4.txt	syn20681757	True					
./LDOPA_DATA\Shimmer_RightAnkle\patient18		rawData_Day1.txt	syn20681760	True					
./LDOPA_DATA\Shimmer_RightAnkle\patient18		rawData_Day2.txt	syn20681761	True					
./LDOPA_DATA\Shimmer_RightAnkle\patient18		rawData_Day3.txt	syn20681762	True					
./LDOPA_DATA\Shimmer_RightAnkle\patient18		rawData_Day4.txt	syn20681763	True					
./LDOPA_DATA\Shimmer_RightAnkle\patient19		rawData_Day1.txt	syn20681765	True					
./LDOPA_DATA\Shimmer_RightAnkle\patient19		rawData_Day2.txt	syn20681766	True					
./LDOPA_DATA\Shimmer_RightAnkle\patient19		rawData_Day3.txt	syn20681767	True					
./LDOPA_DATA\Shimmer_RightAnkle\patient19		rawData_Day4.txt	syn20681768	True					
./LDOPA_DATA\Shimmer_RightAnkle\patient3		rawData_Day1.txt	syn20681770	True					
./LDOPA_DATA\Shimmer_RightAnkle\patient3		rawData_Day2.txt	syn20681771	True					
./LDOPA_DATA\Shimmer_RightAnkle\patient3		rawData_Day3.txt	syn20681772	True					
./LDOPA_DATA\Shimmer_RightAnkle\patient3		rawData_Day4.txt	syn20681773	True					
./LDOPA_DATA\Shimmer_RightAnkle\patient4		rawData_Day1.txt	syn20681775	True					
./LDOPA_DATA\Shimmer_RightAnkle\patient4		rawData_Day2.txt	syn20681776	True					
./LDOPA_DATA\Shimmer_RightAnkle\patient4		rawData_Day3.txt	syn20681777	True					
./LDOPA_DATA\Shimmer_RightAnkle\patient4		rawData_Day4.txt	syn20681778	True					
./LDOPA_DATA\Shimmer_RightAnkle\patient5		rawData_Day1.txt	syn20681780	True					
./LDOPA_DATA\Shimmer_RightAnkle\patient5		rawData_Day2.txt	syn20681781	True					
./LDOPA_DATA\Shimmer_RightAnkle\patient5		rawData_Day3.txt	syn20681782	True					
./LDOPA_DATA\Shimmer_RightAnkle\patient5		rawData_Day4.txt	syn20681783	True					
./LDOPA_DATA\Shimmer_RightAnkle\patient6		rawData_Day1.txt	syn20681785	True					
./LDOPA_DATA\Shimmer_RightAnkle\patient6		rawData_Day2.txt	syn20681786	True					
./LDOPA_DATA\Shimmer_RightAnkle\patient6		rawData_Day3.txt	syn20681787	True					
./LDOPA_DATA\Shimmer_RightAnkle\patient6		rawData_Day4.txt	syn20681788	True					
./LDOPA_DATA\Shimmer_RightAnkle\patient7		rawData_Day1.txt	syn20681790	True					
./LDOPA_DATA\Shimmer_RightAnkle\patient7		rawData_Day2.txt	syn20681791	True					
./LDOPA_DATA\Shimmer_RightAnkle\patient7		rawData_Day3.txt	syn20681792	True					
./LDOPA_DATA\Shimmer_RightAnkle\patient7		rawData_Day4.txt	syn20681793	True					
./LDOPA_DATA\Shimmer_RightAnkle\patient8		rawData_Day1.txt	syn20681795	True					
./LDOPA_DATA\Shimmer_RightAnkle\patient8		rawData_Day2.txt	syn20681796	True					
./LDOPA_DATA\Shimmer_RightAnkle\patient8		rawData_Day3.txt	syn20681797	True					
./LDOPA_DATA\Shimmer_RightAnkle\patient8		rawData_Day4.txt	syn20681798	True					
./LDOPA_DATA\Shimmer_RightAnkle\patient9		rawData_Day1.txt	syn20681800	True					
./LDOPA_DATA\Shimmer_RightAnkle\patient9		rawData_Day2.txt	syn20681802	True					
./LDOPA_DATA\Shimmer_RightAnkle\patient9		rawData_Day3.txt	syn20681803	True					
./LDOPA_DATA\Shimmer_RightAnkle\patient9		rawData_Day4.txt	syn20681804	True					
./LDOPA_DATA\Shimmer_RightWrist\patient10		rawData_Day1.txt	syn20681807	True					
./LDOPA_DATA\Shimmer_RightWrist\patient10		rawData_Day2.txt	syn20681808	True					
./LDOPA_DATA\Shimmer_RightWrist\patient10		rawData_Day3.txt	syn20681809	True					
./LDOPA_DATA\Shimmer_RightWrist\patient10		rawData_Day4.txt	syn20681810	True					
./LDOPA_DATA\Shimmer_RightWrist\patient11		rawData_Day1.txt	syn20681812	True					
./LDOPA_DATA\Shimmer_RightWrist\patient11		rawData_Day2.txt	syn20681813	True					
./LDOPA_DATA\Shimmer_RightWrist\patient11		rawData_Day3.txt	syn20681814	True					
./LDOPA_DATA\Shimmer_RightWrist\patient11		rawData_Day4.txt	syn20681815	True					
./LDOPA_DATA\Shimmer_RightWrist\patient12		rawData_Day1.txt	syn20681817	True					
./LDOPA_DATA\Shimmer_RightWrist\patient12		rawData_Day2.txt	syn20681818	True					
./LDOPA_DATA\Shimmer_RightWrist\patient12		rawData_Day3.txt	syn20681819	True					
./LDOPA_DATA\Shimmer_RightWrist\patient12		rawData_Day4.txt	syn20681820	True					
./LDOPA_DATA\Shimmer_RightWrist\patient13		rawData_Day1.txt	syn20681822	True					
./LDOPA_DATA\Shimmer_RightWrist\patient13		rawData_Day2.txt	syn20681823	True					
./LDOPA_DATA\Shimmer_RightWrist\patient13		rawData_Day3.txt	syn20681824	True					
./LDOPA_DATA\Shimmer_RightWrist\patient13		rawData_Day4.txt	syn20681825	True					
./LDOPA_DATA\Shimmer_RightWrist\patient14		rawData_Day1.txt	syn20681827	True					
./LDOPA_DATA\Shimmer_RightWrist\patient14		rawData_Day2.txt	syn20681828	True					
./LDOPA_DATA\Shimmer_RightWrist\patient14		rawData_Day3.txt	syn20681829	True					
./LDOPA_DATA\Shimmer_RightWrist\patient14		rawData_Day4.txt	syn20681830	True					
./LDOPA_DATA\Shimmer_RightWrist\patient15		rawData_Day1.txt	syn20681832	True					
./LDOPA_DATA\Shimmer_RightWrist\patient15		rawData_Day2.txt	syn20681833	True					
./LDOPA_DATA\Shimmer_RightWrist\patient15		rawData_Day3.txt	syn20681834	True					
./LDOPA_DATA\Shimmer_RightWrist\patient15		rawData_Day4.txt	syn20681835	True					
./LDOPA_DATA\Shimmer_RightWrist\patient16		rawData_Day1.txt	syn20681837	True					
./LDOPA_DATA\Shimmer_RightWrist\patient16		rawData_Day2.txt	syn20681838	True					
./LDOPA_DATA\Shimmer_RightWrist\patient16		rawData_Day3.txt	syn20681839	True					
./LDOPA_DATA\Shimmer_RightWrist\patient16		rawData_Day4.txt	syn20681840	True					
./LDOPA_DATA\Shimmer_RightWrist\patient17		rawData_Day1.txt	syn20681842	True					
./LDOPA_DATA\Shimmer_RightWrist\patient17		rawData_Day2.txt	syn20681843	True					
./LDOPA_DATA\Shimmer_RightWrist\patient17		rawData_Day3.txt	syn20681844	True					
./LDOPA_DATA\Shimmer_RightWrist\patient17		rawData_Day4.txt	syn20681845	True					
./LDOPA_DATA\Shimmer_RightWrist\patient18		rawData_Day1.txt	syn20681847	True					
./LDOPA_DATA\Shimmer_RightWrist\patient18		rawData_Day2.txt	syn20681848	True					
./LDOPA_DATA\Shimmer_RightWrist\patient18		rawData_Day3.txt	syn20681849	True					
./LDOPA_DATA\Shimmer_RightWrist\patient18		rawData_Day4.txt	syn20681850	True					
./LDOPA_DATA\Shimmer_RightWrist\patient19		rawData_Day1.txt	syn20681852	True					
./LDOPA_DATA\Shimmer_RightWrist\patient19		rawData_Day2.txt	syn20681853	True					
./LDOPA_DATA\Shimmer_RightWrist\patient19		rawData_Day3.txt	syn20681854	True					
./LDOPA_DATA\Shimmer_RightWrist\patient19		rawData_Day4.txt	syn20681855	True					
./LDOPA_DATA\Shimmer_RightWrist\patient3		rawData_Day1.txt	syn20681857	True					
./LDOPA_DATA\Shimmer_RightWrist\patient3		rawData_Day2.txt	syn20681858	True					
./LDOPA_DATA\Shimmer_RightWrist\patient3		rawData_Day3.txt	syn20681859	True					
./LDOPA_DATA\Shimmer_RightWrist\patient3		rawData_Day4.txt	syn20681860	True					
./LDOPA_DATA\Shimmer_RightWrist\patient4		rawData_Day1.txt	syn20681862	True					
./LDOPA_DATA\Shimmer_RightWrist\patient4		rawData_Day2.txt	syn20681863	True					
./LDOPA_DATA\Shimmer_RightWrist\patient4		rawData_Day3.txt	syn20681864	True					
./LDOPA_DATA\Shimmer_RightWrist\patient4		rawData_Day4.txt	syn20681865	True					
./LDOPA_DATA\Shimmer_RightWrist\patient5		rawData_Day1.txt	syn20681867	True					
./LDOPA_DATA\Shimmer_RightWrist\patient5		rawData_Day2.txt	syn20681868	True					
./LDOPA_DATA\Shimmer_RightWrist\patient5		rawData_Day3.txt	syn20681869	True					
./LDOPA_DATA\Shimmer_RightWrist\patient5		rawData_Day4.txt	syn20681870	True					
./LDOPA_DATA\Shimmer_RightWrist\patient6		rawData_Day1.txt	syn20681872	True					
./LDOPA_DATA\Shimmer_RightWrist\patient6		rawData_Day2.txt	syn20681873	True					
./LDOPA_DATA\Shimmer_RightWrist\patient6		rawData_Day3.txt	syn20681874	True					
./LDOPA_DATA\Shimmer_RightWrist\patient6		rawData_Day4.txt	syn20681875	True					
./LDOPA_DATA\Shimmer_RightWrist\patient7		rawData_Day1.txt	syn20681877	True					
./LDOPA_DATA\Shimmer_RightWrist\patient7		rawData_Day2.txt	syn20681878	True					
./LDOPA_DATA\Shimmer_RightWrist\patient7		rawData_Day3.txt	syn20681879	True					
./LDOPA_DATA\Shimmer_RightWrist\patient7		rawData_Day4.txt	syn20681880	True					
./LDOPA_DATA\Shimmer_RightWrist\patient8		rawData_Day1.txt	syn20681882	True					
./LDOPA_DATA\Shimmer_RightWrist\patient8		rawData_Day2.txt	syn20681883	True					
./LDOPA_DATA\Shimmer_RightWrist\patient8		rawData_Day3.txt	syn20681884	True					
./LDOPA_DATA\Shimmer_RightWrist\patient8		rawData_Day4.txt	syn20681885	True					
./LDOPA_DATA\Shimmer_RightWrist\patient9		rawData_Day1.txt	syn20681887	True					
./LDOPA_DATA\Shimmer_RightWrist\patient9		rawData_Day2.txt	syn20681888	True					
./LDOPA_DATA\Shimmer_RightWrist\patient9		rawData_Day3.txt	syn20681889	True					
./LDOPA_DATA\Shimmer_RightWrist\patient9		rawData_Day4.txt	syn20681890	True					
